"Date","Price","Open","High","Low","Vol.","Change %"
"19/08/2025","23.000","23.000","23.000","23.000","949.97K","0.00%"
"18/08/2025","23.000","22.700","23.000","23.000","2.20M","1.32%"
"15/08/2025","22.700","23.000","22.750","22.700","1.35M","-1.30%"
"14/08/2025","23.000","23.950","23.950","23.000","2.70M","-3.97%"
"13/08/2025","23.950","24.200","23.950","23.500","2.24M","-1.03%"
"12/08/2025","24.200","23.250","24.200","24.200","2.81M","4.09%"
"11/08/2025","23.250","24.800","23.400","23.250","2.87M","-6.25%"
"08/08/2025","24.800","26.500","24.800","24.000","3.39M","-6.42%"
"07/08/2025","26.500","26.500","26.500","26.500","2.06M","0.00%"
"06/08/2025","26.500","26.500","26.500","26.450","2.13M","0.00%"
"05/08/2025","26.500","24.500","26.500","24.500","3.44M","8.16%"
"04/08/2025","24.500","24.000","24.500","24.000","6.32M","2.08%"
"01/08/2025","24.000","24.500","24.000","22.100","7.86M","-2.04%"
"31/07/2025","24.500","25.050","24.600","24.500","6.09M","-2.20%"
"30/07/2025","25.050","27.000","27.000","24.750","13.78M","-7.22%"
"29/07/2025","27.000","27.000","27.400","26.550","6.59M","0.00%"
"28/07/2025","27.000","27.000","27.000","27.000","3.40M","0.00%"
"25/07/2025","27.000","27.000","28.400","26.600","5.42M","0.00%"
"24/07/2025","27.000","26.500","27.000","24.000","2.57M","1.89%"
"23/07/2025","26.500","26.250","27.300","26.500","1.50M","0.95%"
"22/07/2025","26.250","27.850","28.200","26.250","4.86M","-5.75%"
"21/07/2025","27.850","26.000","27.850","26.000","3.64M","7.12%"
"18/07/2025","26.000","26.050","28.450","25.100","4.61M","-0.19%"
"17/07/2025","26.050","27.600","26.150","26.000","5.24M","-5.62%"
"16/07/2025","27.600","28.500","28.550","27.600","6.83M","-3.16%"
"14/07/2025","28.500","29.850","30.000","28.500","7.01M","-4.52%"
"11/07/2025","29.850","27.500","30.200","26.950","8.30M","8.55%"
"10/07/2025","27.500","26.200","27.500","26.950","2.70M","4.96%"
"09/07/2025","26.200","26.500","26.650","26.100","3.72M","-1.13%"
"08/07/2025","26.500","25.850","26.500","25.900","2.57M","2.51%"
"07/07/2025","25.850","25.600","27.000","25.850","5.53M","0.98%"
"04/07/2025","25.600","25.500","26.900","25.100","2.79M","0.39%"
"03/07/2025","25.500","26.000","26.600","25.500","3.54M","-1.92%"
"02/07/2025","26.000","23.650","26.000","25.200","4.65M","9.94%"
"01/07/2025","23.650","21.500","23.650","21.700","3.82M","10.00%"
"30/06/2025","21.500","21.200","21.500","21.500","1.61M","1.42%"
"27/06/2025","21.200","21.650","21.500","21.200","3.12M","-2.08%"
"26/06/2025","21.650","21.600","21.650","21.650","2.65M","0.23%"
"25/06/2025","21.600","21.600","21.600","21.600","2.18M","0.00%"
"24/06/2025","21.600","21.600","21.900","21.550","3.23M","0.00%"
"23/06/2025","21.600","21.550","21.600","21.600","2.45M","0.23%"
"20/06/2025","21.550","20.850","21.900","21.500","2.16M","3.36%"
"19/06/2025","20.850","21.000","20.850","20.550","2.55M","-0.71%"
"18/06/2025","21.000","21.500","21.050","21.000","2.05M","-2.33%"
"17/06/2025","21.500","22.000","21.950","21.350","5.72M","-2.27%"
"16/06/2025","22.000","22.200","22.500","21.600","7.11M","-0.90%"
"13/06/2025","22.200","21.400","22.300","22.000","3.76M","3.74%"
"11/06/2025","21.400","21.600","21.700","21.400","2.76M","-0.93%"
"10/06/2025","21.600","20.500","21.600","21.000","3.34M","5.37%"
"05/06/2025","20.500","22.000","21.100","20.500","4.82M","-6.82%"
"04/06/2025","22.000","22.000","22.000","22.000","2.92M","0.00%"
"03/06/2025","22.000","20.000","22.000","20.000","7.01M","10.00%"
"02/06/2025","20.000","21.000","21.000","18.900","10.53M","-4.76%"
"30/05/2025","21.000","23.000","22.550","21.000","8.07M","-8.70%"
"29/05/2025","23.000","21.000","23.100","21.000","11.59M","9.52%"
"28/05/2025","21.000","19.100","21.000","20.200","8.32M","9.95%"
"27/05/2025","19.100","18.950","19.200","19.000","3.17M","0.79%"
"26/05/2025","18.950","19.000","18.950","18.800","4.16M","-0.26%"
"23/05/2025","19.000","18.850","19.000","18.800","2.87M","0.80%"
"22/05/2025","18.850","18.150","19.200","18.400","5.89M","3.86%"
"21/05/2025","18.150","18.100","18.500","18.000","3.53M","0.28%"
"20/05/2025","18.100","18.400","18.400","17.150","7.84M","-1.63%"
"19/05/2025","18.400","18.150","19.200","18.000","15.73M","1.38%"
"16/05/2025","18.150","17.050","18.150","17.050","8.90M","10.00%"
"15/05/2025","16.500","15.000","16.500","15.000","11.45M","10.00%"
"14/05/2025","15.000","14.000","15.000","14.500","4.61M","7.14%"
"13/05/2025","14.000","14.150","14.500","13.850","2.79M","-1.06%"
"12/05/2025","14.150","14.600","14.150","14.150","2.17M","-3.08%"
"09/05/2025","14.600","14.150","14.900","14.600","2.09M","3.18%"
"08/05/2025","14.150","14.550","14.550","14.000","3.53M","-2.75%"
"07/05/2025","14.550","13.250","14.550","13.350","8.32M","9.81%"
"06/05/2025","13.250","13.000","13.250","13.000","1.42M","1.92%"
"05/05/2025","13.000","13.100","13.050","12.950","2.00M","-0.76%"
"02/05/2025","13.100","13.000","13.100","12.850","3.90M","0.77%"
"30/04/2025","13.000","13.300","13.250","12.950","4.18M","-2.26%"
"29/04/2025","13.300","12.400","13.550","12.500","6.38M","7.26%"
"28/04/2025","12.400","12.000","12.400","11.900","2.09M","3.42%"
"25/04/2025","11.990","11.600","11.990","11.900","1.15M","3.36%"
"24/04/2025","11.600","11.550","12.000","11.600","3.68M","0.43%"
"23/04/2025","11.550","11.300","11.550","11.500","1.54M","2.21%"
"22/04/2025","11.300","11.300","11.300","11.300","812.83K","0.00%"
"17/04/2025","11.300","10.970","11.300","10.980","1.69M","3.01%"
"16/04/2025","10.970","10.950","10.970","10.970","935.15K","0.18%"
"15/04/2025","10.950","11.500","11.000","10.950","1.38M","-4.78%"
"14/04/2025","11.500","11.100","11.650","11.500","2.84M","3.60%"
"11/04/2025","11.100","11.050","11.300","11.100","1.13M","0.45%"
"10/04/2025","11.050","10.150","11.160","10.990","3.33M","8.87%"
"09/04/2025","10.150","9.580","10.150","10.000","1.86M","5.95%"
"08/04/2025","9.580","10.190","9.580","9.180","6.39M","-5.99%"
"07/04/2025","10.190","11.320","11.000","10.190","1.79M","-9.98%"
"04/04/2025","11.320","11.360","11.500","11.320","2.16M","-0.35%"
"03/04/2025","11.360","11.800","11.800","11.300","2.07M","-3.73%"
"02/04/2025","11.800","12.350","12.100","11.800","2.99M","-4.45%"
"28/03/2025","12.350","12.550","12.750","12.010","2.42M","-1.59%"
"27/03/2025","12.550","12.600","12.600","12.400","1.66M","-0.40%"
"26/03/2025","12.600","12.800","12.600","12.600","2.03M","-1.56%"
"25/03/2025","12.800","12.800","12.900","12.600","7.76M","0.00%"
"24/03/2025","12.800","12.000","12.800","12.000","5.43M","6.67%"
"21/03/2025","12.000","12.000","12.000","12.000","1.56M","0.00%"
"20/03/2025","12.000","12.120","12.000","12.000","1.25M","-0.99%"
"19/03/2025","12.120","12.300","12.300","12.120","1.72M","-1.46%"
"18/03/2025","12.300","12.490","12.490","12.300","1.23M","-1.52%"
"17/03/2025","12.490","12.490","12.490","12.100","4.95M","0.00%"
"14/03/2025","12.490","12.880","13.000","12.490","1.48M","-3.03%"
"13/03/2025","12.880","12.510","12.880","12.800","823.15K","2.96%"
"12/03/2025","12.510","12.520","12.550","12.510","1.32M","-0.08%"
"11/03/2025","12.520","12.500","12.560","12.520","2.22M","0.16%"
"10/03/2025","12.500","13.450","12.500","12.500","4.53M","-7.06%"
"07/03/2025","13.450","12.250","13.450","12.950","4.75M","9.80%"
"06/03/2025","12.250","11.500","12.480","11.520","5.68M","6.52%"
"05/03/2025","11.500","12.300","11.990","11.150","9.99M","-6.50%"
"04/03/2025","12.300","13.000","12.550","12.300","2.83M","-5.38%"
"03/03/2025","13.000","13.700","14.300","13.000","7.15M","-5.11%"
"28/02/2025","13.700","13.030","13.850","13.500","3.36M","5.14%"
"27/02/2025","13.030","11.850","13.030","12.500","7.85M","9.96%"
"26/02/2025","11.850","11.250","11.850","11.800","2.20M","5.33%"
"25/02/2025","11.250","12.500","12.750","11.250","7.42M","-10.00%"
"24/02/2025","12.500","13.110","13.140","12.500","4.45M","-4.65%"
"21/02/2025","13.110","13.500","13.110","13.110","2.74M","-2.89%"
"20/02/2025","13.500","13.400","13.600","13.500","3.41M","0.75%"
"19/02/2025","13.400","12.700","13.400","13.300","3.90M","5.51%"
"18/02/2025","12.700","13.500","13.100","12.180","7.97M","-5.93%"
"17/02/2025","13.500","14.000","14.010","13.500","7.47M","-3.57%"
"14/02/2025","14.000","13.920","15.310","13.930","18.35M","0.57%"
"13/02/2025","13.920","12.660","13.920","13.500","17.65M","9.95%"
"12/02/2025","12.660","12.660","12.660","12.050","15.56M","9.99%"
"11/02/2025","11.510","11.510","11.510","11.510","9.91M","9.93%"
"10/02/2025","10.470","9.520","10.470","9.730","6.04M","9.98%"
"07/02/2025","9.520","9.500","9.880","9.520","3.56M","0.21%"
"06/02/2025","9.500","9.320","9.500","9.350","5.07M","1.93%"
"05/02/2025","9.320","9.500","9.500","9.300","4.25M","-1.89%"
"04/02/2025","9.500","9.280","9.500","9.380","5.09M","2.37%"
"03/02/2025","9.280","9.580","9.400","9.280","5.17M","-3.13%"
"31/01/2025","9.580","9.350","9.990","9.580","7.20M","2.46%"
"30/01/2025","9.350","8.500","9.350","8.340","7.35M","10.00%"
"29/01/2025","8.500","8.170","8.500","8.000","6.02M","4.04%"
"28/01/2025","8.170","8.610","8.560","8.120","6.21M","-5.11%"
"27/01/2025","8.610","8.800","8.780","8.610","3.46M","-2.16%"
"24/01/2025","8.800","9.010","9.000","8.800","4.44M","-2.33%"
"23/01/2025","9.010","9.240","9.330","9.000","6.08M","-2.49%"
"22/01/2025","9.240","9.700","9.690","9.150","5.35M","-4.74%"
"21/01/2025","9.700","9.150","9.900","9.170","4.64M","6.01%"
"20/01/2025","9.150","9.900","9.500","9.000","7.93M","-7.58%"
"17/01/2025","9.900","9.210","9.920","9.300","4.33M","7.49%"
"16/01/2025","9.210","10.150","10.300","9.210","6.32M","-9.26%"
"15/01/2025","10.150","9.540","10.490","9.700","10.03M","6.39%"
"14/01/2025","9.540","10.600","10.020","9.540","10.57M","-10.00%"
"13/01/2025","10.600","10.020","11.020","9.020","23.78M","5.79%"
"10/01/2025","10.020","9.110","10.020","9.000","24.85M","9.99%"
"09/01/2025","9.110","8.360","9.110","8.360","8.69M","9.89%"
"08/01/2025","8.290","7.540","8.290","7.500","8.79M","9.95%"
"07/01/2025","7.540","8.370","8.000","7.540","6.96M","-9.92%"
"06/01/2025","8.370","8.000","8.370","8.000","8.55M","9.99%"
"03/01/2025","7.610","6.920","7.610","7.400","7.41M","9.97%"
"02/01/2025","6.920","6.300","6.920","6.750","3.80M","9.84%"
"31/12/2024","6.300","6.400","7.000","6.300","4.24M","-1.56%"
"30/12/2024","6.400","6.300","6.500","6.250","4.30M","1.59%"
"27/12/2024","6.300","6.930","6.900","6.300","6.02M","-9.09%"
"24/12/2024","6.930","6.650","7.310","6.190","12.52M","4.21%"
"23/12/2024","6.650","6.650","6.650","6.650","5.81M","9.92%"
"20/12/2024","6.050","5.500","6.050","6.000","4.40M","10.00%"
"19/12/2024","5.500","5.000","5.500","4.950","6.17M","10.00%"
"18/12/2024","5.000","4.920","5.000","4.750","3.06M","1.63%"
"17/12/2024","4.920","4.960","4.930","4.920","879.68K","-0.81%"
"16/12/2024","4.960","4.600","4.960","4.750","911.76K","7.83%"
"13/12/2024","4.600","4.600","4.600","4.600","911.24K","0.00%"
"12/12/2024","4.600","4.700","4.650","4.520","1.71M","-2.13%"
"11/12/2024","4.700","4.980","4.700","4.700","647.41K","-5.62%"
"10/12/2024","4.980","5.000","4.980","4.900","419.86K","-0.40%"
"09/12/2024","5.000","5.000","5.000","4.810","741.39K","0.00%"
"06/12/2024","5.000","5.000","5.000","5.000","519.28K","0.00%"
"05/12/2024","5.000","4.950","5.100","5.000","3.29M","1.01%"
"04/12/2024","4.950","4.890","5.150","4.700","7.03M","1.23%"
"03/12/2024","4.890","4.450","4.890","4.800","4.57M","9.89%"
"02/12/2024","4.450","4.730","4.800","4.450","3.72M","-5.92%"
"29/11/2024","4.730","4.700","4.730","4.700","1.68M","0.64%"
"28/11/2024","4.700","4.900","4.800","4.650","4.09M","-4.08%"
"27/11/2024","4.900","4.900","4.900","4.900","773.38K","0.00%"
"26/11/2024","4.900","5.050","5.010","4.900","3.77M","-2.97%"
"25/11/2024","5.050","4.850","5.100","4.850","4.49M","4.12%"
"22/11/2024","4.850","5.000","5.000","4.800","5.01M","-2.61%"
"21/11/2024","4.980","4.530","4.980","4.660","13.28M","9.93%"
"20/11/2024","4.530","4.120","4.530","4.240","7.74M","9.95%"
"19/11/2024","4.120","4.330","4.270","3.970","3.67M","-4.85%"
"18/11/2024","4.330","4.440","4.440","4.330","3.46M","-2.48%"
"15/11/2024","4.440","4.300","4.660","4.240","7.62M","4.47%"
"14/11/2024","4.250","4.160","4.390","4.120","8.49M","2.16%"
"13/11/2024","4.160","4.130","4.160","4.140","1.08M","0.73%"
"12/11/2024","4.130","4.240","4.250","4.110","1.20M","-2.59%"
"11/11/2024","4.240","4.230","4.250","4.240","832.20K","0.24%"
"08/11/2024","4.230","4.290","4.290","4.200","2.00M","-1.40%"
"07/11/2024","4.290","4.250","4.300","4.290","1.42M","0.94%"
"06/11/2024","4.250","4.300","4.250","4.250","760.51K","-1.16%"
"05/11/2024","4.300","4.300","4.300","4.300","627.92K","0.00%"
"04/11/2024","4.300","4.440","4.310","4.300","1.59M","-3.15%"
"01/11/2024","4.440","4.450","4.440","4.440","545.65K","-0.22%"
"31/10/2024","4.450","4.450","4.450","4.450","3.20M","0.00%"
"30/10/2024","4.450","4.450","4.640","4.450","1.41M","0.00%"
"29/10/2024","4.450","4.460","4.450","4.410","1.44M","-0.22%"
"28/10/2024","4.460","4.750","4.600","4.460","1.42M","-6.11%"
"25/10/2024","4.750","4.750","4.750","4.750","514.46K","0.00%"
"24/10/2024","4.750","4.500","4.750","4.420","1.85M","5.56%"
"23/10/2024","4.500","4.380","4.500","4.500","368.75K","2.74%"
"22/10/2024","4.380","4.650","4.380","4.380","690.10K","-5.81%"
"21/10/2024","4.650","4.600","4.650","4.650","682.21K","1.09%"
"18/10/2024","4.600","4.460","4.700","4.470","1.13M","3.14%"
"17/10/2024","4.460","4.380","4.460","4.400","747.99K","1.83%"
"16/10/2024","4.380","4.380","4.380","4.380","333.00K","0.00%"
"15/10/2024","4.380","4.350","4.380","4.350","746.23K","0.69%"
"14/10/2024","4.350","4.350","4.350","4.350","574.73K","0.00%"
"11/10/2024","4.350","4.300","4.350","4.300","1.37M","1.16%"
"10/10/2024","4.300","4.350","4.400","4.300","1.37M","-1.15%"
"09/10/2024","4.350","4.650","4.570","4.200","3.40M","-6.45%"
"08/10/2024","4.650","4.650","4.650","4.650","550.35K","0.00%"
"07/10/2024","4.650","4.650","4.650","4.650","1.03M","0.00%"
"04/10/2024","4.650","4.550","4.650","4.600","1.31M","2.20%"
"03/10/2024","4.550","4.750","4.980","4.360","3.41M","-4.21%"
"02/10/2024","4.750","4.700","4.980","4.750","3.00M","1.06%"
"30/09/2024","4.700","5.000","4.990","4.610","3.54M","-6.00%"
"27/09/2024","5.000","4.720","5.010","4.900","4.35M","5.93%"
"26/09/2024","4.720","5.510","5.510","4.510","25.50M","-5.79%"
"25/09/2024","5.010","5.010","5.010","5.010","2.90M","9.87%"
"24/09/2024","4.560","4.630","4.750","4.560","4.59M","-1.51%"
"23/09/2024","4.630","4.880","5.000","4.400","8.10M","-5.12%"
"20/09/2024","4.880","4.870","5.000","4.880","2.60M","0.21%"
"19/09/2024","4.870","5.950","5.950","4.870","26.08M","-9.98%"
"18/09/2024","5.410","5.410","5.410","5.410","13.89M","9.96%"
"17/09/2024","4.920","4.480","4.920","4.910","14.16M","9.82%"
"13/09/2024","4.480","4.080","4.480","4.100","12.65M","9.80%"
"12/09/2024","4.080","4.000","4.080","4.000","711.55K","2.00%"
"11/09/2024","4.000","4.000","4.000","4.000","1.45M","0.00%"
"10/09/2024","4.000","4.010","4.030","4.000","1.58M","-0.25%"
"09/09/2024","4.010","3.950","4.030","4.010","2.05M","1.52%"
"06/09/2024","3.950","4.000","3.950","3.950","375.54K","-1.25%"
"05/09/2024","4.000","4.000","4.000","4.000","880.09K","0.00%"
"04/09/2024","4.000","4.010","4.000","4.000","749.63K","-0.25%"
"03/09/2024","4.010","4.000","4.100","4.010","845.00K","0.25%"
"02/09/2024","4.000","4.000","4.000","4.000","678.31K","0.00%"
"30/08/2024","4.000","4.000","4.200","4.000","2.07M","0.00%"
"29/08/2024","4.000","4.200","4.050","4.000","1.80M","-4.76%"
"28/08/2024","4.200","4.160","4.200","4.200","2.34M","0.96%"
"27/08/2024","4.160","3.950","4.200","4.160","2.00M","5.32%"
"26/08/2024","3.950","4.000","3.950","3.950","1.04M","-1.25%"
"23/08/2024","4.000","4.000","4.000","4.000","490.85K","0.00%"
"22/08/2024","4.000","4.000","4.000","4.000","371.26K","0.00%"
"21/08/2024","4.000","4.000","4.000","4.000","310.80K","0.00%"
"20/08/2024","4.000","4.150","4.120","4.000","930.66K","-3.61%"
"19/08/2024","4.150","4.170","4.150","4.150","2.34M","-0.48%"
"16/08/2024","4.170","4.130","4.170","4.170","1.90M","0.97%"
"15/08/2024","4.130","4.120","4.200","4.130","1.26M","0.24%"
"14/08/2024","4.120","3.750","4.120","4.100","3.50M","9.87%"
"13/08/2024","3.750","4.020","4.000","3.750","1.47M","-6.72%"
"12/08/2024","4.020","4.000","4.020","3.980","3.49M","0.50%"
"09/08/2024","4.000","3.980","4.000","4.000","1.77M","0.50%"
"08/08/2024","3.980","3.850","3.980","3.980","766.02K","3.38%"
"07/08/2024","3.850","4.100","4.000","3.850","1.59M","-6.10%"
"06/08/2024","4.100","3.830","4.210","3.500","5.06M","7.05%"
"05/08/2024","3.830","3.500","3.830","3.490","5.37M","9.74%"
"02/08/2024","3.490","3.220","3.490","3.260","1.97M","8.39%"
"01/08/2024","3.220","3.220","3.300","3.150","157.42K","0.00%"
"31/07/2024","3.220","3.150","3.300","3.150","6.15M","2.22%"
"30/07/2024","3.150","3.340","3.150","3.140","1.98M","-5.69%"
"29/07/2024","3.340","3.100","3.340","3.340","614.35K","7.74%"
"26/07/2024","3.100","3.150","3.160","3.100","1.06M","-1.59%"
"25/07/2024","3.150","3.200","3.150","3.150","1.38M","-1.56%"
"24/07/2024","3.200","3.180","3.200","3.200","794.48K","0.63%"
"23/07/2024","3.180","3.170","3.180","3.180","442.24K","0.32%"
"22/07/2024","3.170","3.300","3.300","3.170","1.38M","-4.23%"
"19/07/2024","3.310","3.310","3.350","3.180","400.34K","0.00%"
"18/07/2024","3.310","3.340","3.400","3.310","2.75M","-0.90%"
"17/07/2024","3.340","3.450","3.340","3.340","355.44K","-3.19%"
"16/07/2024","3.450","3.300","3.450","3.450","1.34M","4.55%"
"15/07/2024","3.300","3.440","3.450","3.300","725.77K","-4.07%"
"12/07/2024","3.440","3.160","3.450","3.340","2.14M","8.86%"
"11/07/2024","3.160","3.450","3.230","3.160","986.95K","-8.41%"
"10/07/2024","3.450","3.450","3.450","3.180","220.16K","0.00%"
"09/07/2024","3.450","3.450","3.450","3.340","62.52K","0.00%"
"08/07/2024","3.450","3.340","3.450","3.450","357.81K","3.29%"
"05/07/2024","3.340","3.340","3.360","3.170","49.70K","0.00%"
"04/07/2024","3.340","3.360","3.340","3.340","1.06M","-0.60%"
"03/07/2024","3.360","3.360","3.680","3.350","73.84K","0.00%"
"02/07/2024","3.360","3.360","3.690","3.360","347.35K","0.00%"
"01/07/2024","3.360","3.360","3.360","3.360","318.91K","0.00%"
"28/06/2024","3.360","3.360","3.490","3.170","256.04K","0.00%"
"27/06/2024","3.360","3.360","3.450","3.250","458.25K","0.00%"
"26/06/2024","3.360","3.130","3.360","3.170","516.24K","7.35%"
"25/06/2024","3.130","3.400","3.130","3.130","498.38K","-7.94%"
"24/06/2024","3.400","3.400","3.400","3.400","741.83K","0.00%"
"21/06/2024","3.400","3.400","3.700","3.200","413.34K","0.00%"
"20/06/2024","3.400","3.450","3.400","3.400","499.53K","-1.45%"
"19/06/2024","3.450","3.150","3.450","3.450","585.16K","9.52%"
"14/06/2024","3.150","3.150","3.280","3.160","125.13K","0.00%"
"13/06/2024","3.150","3.150","3.270","3.150","92.27K","0.00%"
"11/06/2024","3.150","3.150","3.280","3.120","284.33K","0.00%"
"10/06/2024","3.150","3.150","3.280","3.100","116.29K","0.00%"
"07/06/2024","3.150","3.000","3.150","3.150","366.26K","5.00%"
"06/06/2024","3.000","3.050","3.020","3.000","694.08K","-1.64%"
"05/06/2024","3.050","3.050","3.200","3.050","260.78K","0.00%"
"04/06/2024","3.050","3.000","3.050","3.050","1.02M","1.67%"
"03/06/2024","3.000","3.000","3.280","3.050","129.18K","0.00%"
"31/05/2024","3.000","3.100","3.000","3.000","515.58K","-3.23%"
"30/05/2024","3.100","3.100","3.200","3.100","252.78K","0.00%"
"29/05/2024","3.100","3.000","3.100","3.100","825.76K","3.33%"
"28/05/2024","3.000","3.000","3.150","2.910","150.70K","0.00%"
"27/05/2024","3.000","3.000","3.000","3.000","319.92K","0.00%"
"24/05/2024","3.000","3.000","3.200","2.820","367.01K","0.00%"
"23/05/2024","3.000","3.100","3.000","3.000","855.71K","-3.23%"
"22/05/2024","3.100","3.100","3.290","3.000","189.61K","0.00%"
"21/05/2024","3.100","3.100","3.290","3.020","291.82K","0.00%"
"20/05/2024","3.100","3.310","3.150","3.100","795.26K","-6.34%"
"17/05/2024","3.310","3.310","3.310","3.180","181.27K","0.00%"
"16/05/2024","3.310","3.310","3.490","3.180","192.68K","0.00%"
"15/05/2024","3.310","3.310","3.310","3.180","225.27K","0.00%"
"14/05/2024","3.310","3.310","3.530","3.200","250.87K","0.00%"
"13/05/2024","3.310","3.310","3.550","3.200","176.96K","0.00%"
"10/05/2024","3.310","3.010","3.310","3.280","1.40M","9.97%"
"09/05/2024","3.010","3.280","3.120","3.010","736.11K","-8.23%"
"08/05/2024","3.280","3.280","3.280","3.200","198.04K","0.00%"
"07/05/2024","3.280","3.280","3.280","3.200","832.31K","0.00%"
"06/05/2024","3.280","3.200","3.280","3.250","664.91K","2.50%"
"03/05/2024","3.200","3.200","3.200","3.200","937.52K","0.00%"
"02/05/2024","3.200","3.150","3.200","3.200","504.86K","1.59%"
"30/04/2024","3.150","3.490","3.160","3.150","1.57M","-9.74%"
"29/04/2024","3.490","3.190","3.490","3.490","423.40K","9.40%"
"26/04/2024","3.190","3.190","3.220","3.020","260.50K","0.00%"
"25/04/2024","3.190","3.190","3.380","3.190","228.32K","0.00%"
"24/04/2024","3.190","3.190","3.370","3.190","388.03K","0.00%"
"23/04/2024","3.190","3.540","3.190","3.190","640.51K","-9.89%"
"22/04/2024","3.540","3.540","3.360","3.190","491.44K","0.00%"
"19/04/2024","3.540","3.540","3.400","3.210","160.10K","0.00%"
"18/04/2024","3.540","3.540","3.400","3.200","329.26K","0.00%"
"17/04/2024","3.540","3.540","3.400","3.190","425.79K","0.00%"
"16/04/2024","3.540","3.540","3.500","3.210","583.58K","0.00%"
"15/04/2024","3.540","3.540","3.720","3.240","244.95K","0.00%"
"12/04/2024","3.540","3.540","3.690","3.540","242.52K","0.00%"
"08/04/2024","3.540","3.540","3.790","3.540","427.62K","0.00%"
"05/04/2024","3.540","3.700","3.540","3.540","891.05K","-4.32%"
"04/04/2024","3.700","3.700","3.800","3.540","209.85K","0.00%"
"03/04/2024","3.700","3.900","3.700","3.600","1.45M","-5.13%"
"02/04/2024","3.900","3.900","3.900","3.570","275.02K","0.00%"
"28/03/2024","3.900","3.900","3.810","3.570","162.39K","0.00%"
"27/03/2024","3.900","3.900","3.900","3.900","178.21K","0.00%"
"26/03/2024","3.900","3.740","3.900","3.600","1.32M","4.28%"
"25/03/2024","3.740","3.740","3.740","3.740","522.60K","0.00%"
"22/03/2024","3.740","3.740","3.740","3.740","138.13K","0.00%"
"21/03/2024","3.740","3.740","3.740","3.740","434.94K","0.00%"
"20/03/2024","3.740","3.740","3.950","3.770","372.07K","0.00%"
"19/03/2024","3.740","3.740","4.050","3.750","415.91K","0.00%"
"18/03/2024","3.740","3.740","3.740","3.740","467.24K","0.00%"
"15/03/2024","3.740","3.740","4.000","3.600","181.87K","0.00%"
"14/03/2024","3.740","3.740","3.900","3.760","256.99K","0.00%"
"13/03/2024","3.740","3.740","4.030","3.750","291.73K","0.00%"
"12/03/2024","3.740","3.740","4.100","3.800","317.67K","0.00%"
"11/03/2024","3.740","3.400","3.740","3.730","1.05M","10.00%"
"08/03/2024","3.400","3.250","3.400","3.400","869.50K","4.62%"
"07/03/2024","3.250","3.200","3.250","3.250","657.10K","1.56%"
"06/03/2024","3.200","3.400","3.200","3.100","2.31M","-5.88%"
"05/03/2024","3.400","3.650","3.660","3.400","1.27M","-6.85%"
"04/03/2024","3.650","3.650","4.010","3.700","612.91K","0.00%"
"01/03/2024","3.650","3.500","3.650","3.500","908.79K","4.29%"
"29/02/2024","3.500","3.420","3.500","3.500","655.82K","2.34%"
"28/02/2024","3.420","3.630","3.700","3.420","2.74M","-5.79%"
"27/02/2024","3.630","3.550","3.650","3.600","926.00K","2.25%"
"26/02/2024","3.550","3.420","3.550","3.450","707.67K","3.80%"
"23/02/2024","3.420","3.400","3.420","3.400","1.18M","0.59%"
"22/02/2024","3.400","3.400","3.740","3.410","392.67K","0.00%"
"21/02/2024","3.400","3.600","3.400","3.400","993.12K","-5.56%"
"20/02/2024","3.600","4.000","3.890","3.600","1.21M","-10.00%"
"19/02/2024","4.000","4.100","4.050","4.000","2.35M","-2.44%"
"16/02/2024","4.100","4.300","4.300","4.060","932.45K","-4.65%"
"15/02/2024","4.300","4.000","4.350","4.300","1.57M","7.50%"
"14/02/2024","4.000","4.320","4.000","3.890","805.12K","-7.41%"
"13/02/2024","4.320","3.930","4.320","4.000","931.06K","9.92%"
"12/02/2024","3.930","3.930","4.310","3.920","656.86K","0.00%"
"09/02/2024","3.930","3.920","4.000","3.930","1.16M","0.26%"
"08/02/2024","3.920","4.010","4.000","3.920","3.39M","-2.24%"
"07/02/2024","4.010","4.310","4.310","3.910","2.03M","-6.96%"
"06/02/2024","4.310","4.310","4.400","4.310","1.55M","0.00%"
"05/02/2024","4.310","4.310","4.610","4.310","918.15K","0.00%"
"02/02/2024","4.310","4.200","4.400","4.300","3.60M","2.62%"
"01/02/2024","4.200","3.950","4.200","3.560","2.87M","6.33%"
"31/01/2024","3.950","4.350","4.000","3.920","3.46M","-9.20%"
"30/01/2024","4.350","4.800","4.360","4.330","3.17M","-9.38%"
"29/01/2024","4.800","4.910","4.800","4.420","8.86M","-2.24%"
"26/01/2024","4.910","4.470","4.910","4.500","5.12M","9.84%"
"25/01/2024","4.470","4.950","4.600","4.460","5.05M","-9.70%"
"24/01/2024","4.950","5.480","4.950","4.940","3.28M","-9.67%"
"23/01/2024","5.480","6.080","5.480","5.480","2.04M","-9.87%"
"22/01/2024","6.080","6.430","6.430","5.970","22.56M","3.93%"
"19/01/2024","5.850","5.850","5.850","5.850","5.48M","9.96%"
"18/01/2024","5.320","4.840","5.320","5.200","5.28M","9.92%"
"17/01/2024","4.840","4.400","4.840","4.780","9.84M","10.00%"
"16/01/2024","4.400","4.180","4.400","4.180","7.86M","10.00%"
"15/01/2024","4.000","3.880","4.100","3.500","4.30M","3.09%"
"12/01/2024","3.880","3.650","3.900","3.800","1.44M","6.30%"
"11/01/2024","3.650","3.900","3.890","3.510","3.45M","-6.41%"
"10/01/2024","3.900","4.030","4.430","3.700","9.20M","-3.23%"
"09/01/2024","4.030","3.670","4.030","3.700","11.60M","9.81%"
"08/01/2024","3.670","3.450","3.750","3.450","7.62M","6.38%"
"05/01/2024","3.450","3.290","3.450","3.300","1.57M","4.86%"
"04/01/2024","3.290","3.320","3.350","3.250","2.60M","-0.90%"
"03/01/2024","3.320","3.320","3.320","3.200","3.95M","0.00%"
"02/01/2024","3.320","3.320","3.400","3.180","120.81K","0.00%"
"29/12/2023","3.320","3.270","3.390","3.320","914.86K","1.53%"
"28/12/2023","3.270","3.270","3.290","3.270","4.55M","0.00%"
"27/12/2023","3.270","3.270","3.270","3.200","1.12M","0.00%"
"22/12/2023","3.270","3.270","3.270","3.260","423.42K","0.00%"
"21/12/2023","3.270","3.180","3.270","3.250","2.31M","2.83%"
"20/12/2023","3.180","3.250","3.200","3.180","844.48K","-2.15%"
"19/12/2023","3.250","3.070","3.260","3.200","724.17K","5.86%"
"18/12/2023","3.070","3.190","3.070","3.070","406.32K","-3.76%"
"15/12/2023","3.190","3.200","3.200","3.100","1.79M","-0.31%"
"14/12/2023","3.200","3.100","3.200","3.110","1.09M","3.23%"
"13/12/2023","3.100","3.060","3.100","3.100","469.54K","1.31%"
"12/12/2023","3.060","3.050","3.060","3.050","2.17M","0.33%"
"11/12/2023","3.050","3.120","3.110","3.050","4.40M","-2.24%"
"08/12/2023","3.120","3.200","3.120","3.120","1.83M","-2.50%"
"07/12/2023","3.200","3.130","3.200","3.120","749.74K","2.24%"
"06/12/2023","3.130","3.120","3.130","2.950","993.96K","0.32%"
"05/12/2023","3.120","3.000","3.120","2.940","5.31M","4.00%"
"04/12/2023","3.000","3.000","3.000","2.900","1.22M","0.00%"
"01/12/2023","3.000","3.000","3.020","3.000","4.53M","0.00%"
"30/11/2023","3.000","3.120","3.010","3.000","2.10M","-3.85%"
"29/11/2023","3.120","3.240","3.150","3.120","1.83M","-3.70%"
"28/11/2023","3.240","3.240","3.240","3.150","84.70K","0.00%"
"27/11/2023","3.240","3.240","3.290","3.170","507.31K","0.00%"
"24/11/2023","3.240","3.230","3.280","3.230","4.11M","0.31%"
"23/11/2023","3.230","3.160","3.230","3.150","1.44M","2.22%"
"22/11/2023","3.160","3.120","3.170","3.160","697.29K","1.28%"
"21/11/2023","3.120","3.130","3.130","3.120","2.45M","-0.32%"
"20/11/2023","3.130","3.130","3.190","3.120","363.10K","0.00%"
"17/11/2023","3.130","3.130","3.210","3.120","237.91K","0.00%"
"16/11/2023","3.130","3.120","3.130","3.120","884.11K","0.32%"
"15/11/2023","3.120","3.150","3.120","3.120","817.63K","-0.95%"
"14/11/2023","3.150","3.120","3.150","3.120","1.77M","0.96%"
"13/11/2023","3.120","3.120","3.170","3.120","3.22M","0.00%"
"10/11/2023","3.120","3.110","3.120","3.120","450.10K","0.32%"
"09/11/2023","3.110","3.120","3.110","3.110","215.68K","-0.32%"
"08/11/2023","3.120","3.120","3.120","3.120","463.81K","0.00%"
"07/11/2023","3.120","3.200","3.130","3.120","2.71M","-2.50%"
"06/11/2023","3.200","3.120","3.200","3.200","688.60K","2.56%"
"03/11/2023","3.120","3.150","3.130","3.120","990.25K","-0.95%"
"02/11/2023","3.150","3.120","3.200","3.150","683.62K","0.96%"
"01/11/2023","3.120","3.100","3.140","3.110","1.31M","0.65%"
"31/10/2023","3.100","3.190","3.120","3.100","1.29M","-2.82%"
"30/10/2023","3.190","3.080","3.190","3.100","749.55K","3.57%"
"27/10/2023","3.080","3.080","3.180","3.110","66.21K","0.00%"
"26/10/2023","3.080","3.080","3.230","3.090","263.15K","0.00%"
"25/10/2023","3.080","3.100","3.120","3.080","2.18M","-0.65%"
"24/10/2023","3.100","3.100","3.200","3.100","462.83K","0.00%"
"23/10/2023","3.100","3.100","3.100","3.100","1.33M","0.00%"
"20/10/2023","3.100","3.100","3.280","3.100","358.45K","0.00%"
"19/10/2023","3.100","3.100","3.290","3.130","68.21K","0.00%"
"18/10/2023","3.100","3.100","3.280","3.100","76.68K","0.00%"
"17/10/2023","3.100","3.150","3.120","3.100","1.75M","-1.59%"
"16/10/2023","3.150","3.200","3.150","3.150","425.73K","-1.56%"
"13/10/2023","3.200","3.200","3.340","3.150","99.32K","0.00%"
"12/10/2023","3.200","3.150","3.200","3.130","769.28K","1.59%"
"11/10/2023","3.150","3.130","3.150","3.150","605.00K","0.64%"
"10/10/2023","3.130","3.120","3.200","3.130","1.47M","0.32%"
"09/10/2023","3.120","3.120","3.340","3.160","487.90K","0.00%"
"06/10/2023","3.120","3.250","3.130","3.120","2.68M","-4.00%"
"05/10/2023","3.250","3.250","3.250","3.250","759.27K","0.00%"
"04/10/2023","3.250","3.300","3.260","3.250","550.26K","-1.52%"
"03/10/2023","3.300","3.300","3.300","3.250","362.49K","0.00%"
"29/09/2023","3.300","3.300","3.300","3.300","456.39K","0.00%"
"28/09/2023","3.300","3.390","3.300","3.300","533.16K","-2.65%"
"26/09/2023","3.390","3.390","3.380","3.250","534.92K","0.00%"
"25/09/2023","3.390","3.250","3.390","3.300","3.31M","4.31%"
"22/09/2023","3.250","3.430","3.300","3.250","880.33K","-5.25%"
"21/09/2023","3.430","3.430","3.430","3.290","305.34K","0.00%"
"20/09/2023","3.430","3.300","3.430","3.300","1.32M","3.94%"
"19/09/2023","3.300","3.270","3.300","3.250","9.60M","0.92%"
"18/09/2023","3.270","3.300","3.500","3.270","1.39M","-0.91%"
"15/09/2023","3.300","3.220","3.300","3.300","1.27M","2.48%"
"14/09/2023","3.220","3.230","3.230","3.220","1.18M","-0.31%"
"13/09/2023","3.230","3.230","3.230","3.230","940.64K","0.00%"
"12/09/2023","3.230","3.300","3.250","3.220","1.59M","-2.12%"
"11/09/2023","3.300","3.420","3.400","3.200","1.39M","-3.51%"
"08/09/2023","3.420","3.300","3.420","3.270","836.52K","3.64%"
"07/09/2023","3.300","3.250","3.320","3.270","1.46M","1.54%"
"06/09/2023","3.250","3.250","3.430","3.250","325.19K","0.00%"
"05/09/2023","3.250","3.250","3.250","3.250","873.09K","0.00%"
"04/09/2023","3.250","3.200","3.250","3.210","3.76M","1.56%"
"01/09/2023","3.200","3.400","3.350","3.200","1.33M","-5.88%"
"31/08/2023","3.400","3.700","3.400","3.350","1.54M","-8.11%"
"30/08/2023","3.700","3.770","3.770","3.550","14.52M","7.87%"
"29/08/2023","3.430","3.120","3.430","3.150","4.12M","9.94%"
"28/08/2023","3.120","3.010","3.300","3.120","2.46M","3.65%"
"25/08/2023","3.010","3.050","3.150","3.010","2.23M","-1.31%"
"24/08/2023","3.050","3.050","3.050","3.000","2.62M","0.00%"
"23/08/2023","3.050","3.050","3.160","3.060","185.41K","0.00%"
"22/08/2023","3.050","3.120","3.050","3.050","436.90K","-2.24%"
"21/08/2023","3.120","3.200","3.180","3.000","5.42M","-2.50%"
"18/08/2023","3.200","3.350","3.200","3.200","436.96K","-4.48%"
"17/08/2023","3.350","3.350","3.350","3.180","262.87K","0.00%"
"16/08/2023","3.350","3.350","3.350","3.180","23.26K","0.00%"
"15/08/2023","3.350","3.350","3.370","3.190","246.64K","0.00%"
"14/08/2023","3.350","3.400","3.350","3.350","367.38K","-1.47%"
"11/08/2023","3.400","3.140","3.400","3.300","2.64M","8.28%"
"10/08/2023","3.140","3.130","3.140","3.140","411.07K","0.32%"
"09/08/2023","3.130","3.130","3.130","3.130","533.57K","0.00%"
"08/08/2023","3.130","3.130","3.420","3.100","1.50M","0.00%"
"07/08/2023","3.130","3.180","3.130","3.130","473.85K","-1.57%"
"04/08/2023","3.180","3.200","3.200","3.180","800.47K","-0.62%"
"03/08/2023","3.200","3.150","3.200","3.200","873.08K","1.59%"
"02/08/2023","3.150","3.150","3.300","3.100","193.46K","0.00%"
"01/08/2023","3.150","3.390","3.160","3.150","929.74K","-7.08%"
"31/07/2023","3.390","3.390","3.390","3.150","748.37K","0.00%"
"28/07/2023","3.390","3.400","3.390","3.060","3.89M","-0.29%"
"27/07/2023","3.400","3.450","3.480","3.400","3.53M","-1.45%"
"26/07/2023","3.450","3.450","3.600","3.400","2.22M","0.00%"
"25/07/2023","3.450","3.490","3.450","3.400","1.52M","-1.15%"
"24/07/2023","3.490","3.550","3.490","3.400","1.28M","-1.69%"
"21/07/2023","3.550","3.550","3.550","3.550","1.37M","0.00%"
"20/07/2023","3.550","3.910","3.910","3.500","15.03M","-2.20%"
"19/07/2023","3.630","3.300","3.630","3.630","6.72M","10.00%"
"18/07/2023","3.300","3.000","3.300","3.150","3.10M","10.00%"
"17/07/2023","3.000","3.000","3.150","3.000","831.28K","0.00%"
"14/07/2023","3.000","3.300","3.000","2.970","1.90M","-9.09%"
"13/07/2023","3.300","3.300","3.600","2.980","187.82K","0.00%"
"12/07/2023","3.300","3.550","3.550","3.300","2.62M","-7.04%"
"11/07/2023","3.550","3.500","3.600","3.550","1.35M","1.43%"
"10/07/2023","3.500","3.400","3.700","3.500","4.96M","2.94%"
"07/07/2023","3.400","3.350","3.450","3.350","1.52M","1.49%"
"06/07/2023","3.350","3.620","3.380","3.350","1.24M","-7.46%"
"05/07/2023","3.620","3.700","3.620","3.350","1.76M","-2.16%"
"04/07/2023","3.700","3.390","3.710","3.350","7.69M","9.14%"
"03/07/2023","3.390","3.300","3.400","3.310","3.46M","2.73%"
"30/06/2023","3.300","3.450","3.450","3.210","6.03M","-4.35%"
"27/06/2023","3.450","3.450","3.650","3.410","274.88K","0.00%"
"26/06/2023","3.450","3.400","3.600","3.420","604.17K","1.47%"
"23/06/2023","3.400","3.280","3.400","3.300","1.51M","3.66%"
"22/06/2023","3.280","3.490","3.410","3.280","1.11M","-6.02%"
"21/06/2023","3.490","3.550","3.600","3.400","2.43M","-1.69%"
"20/06/2023","3.550","3.400","3.570","3.200","4.17M","4.41%"
"19/06/2023","3.400","3.250","3.570","3.350","2.26M","4.62%"
"16/06/2023","3.250","3.250","3.350","3.250","1.12M","0.00%"
"15/06/2023","3.250","3.350","3.450","3.150","6.13M","-2.99%"
"14/06/2023","3.350","3.350","3.500","3.250","3.92M","0.00%"
"13/06/2023","3.350","3.500","3.350","3.250","2.81M","-4.29%"
"09/06/2023","3.500","3.400","3.500","3.300","1.43M","2.94%"
"08/06/2023","3.400","3.450","3.400","3.220","1.87M","-1.45%"
"07/06/2023","3.450","3.140","3.450","2.850","15.30M","9.87%"
"06/06/2023","3.140","2.880","3.140","3.100","1.56M","9.03%"
"05/06/2023","2.880","3.000","2.880","2.880","404.18K","-4.00%"
"02/06/2023","3.000","3.110","3.000","2.880","683.79K","-3.54%"
"01/06/2023","3.110","3.110","3.150","2.840","696.04K","0.00%"
"31/05/2023","3.110","3.110","3.110","3.110","1.08M","0.00%"
"30/05/2023","3.110","3.040","3.150","3.100","3.38M","2.30%"
"26/05/2023","3.040","2.950","3.040","3.000","2.06M","3.05%"
"25/05/2023","2.950","2.940","3.050","2.950","1.36M","0.34%"
"24/05/2023","2.940","2.900","2.940","2.930","487.53K","1.38%"
"23/05/2023","2.900","2.710","2.900","2.850","1.36M","7.01%"
"22/05/2023","2.710","2.710","2.910","2.700","404.10K","0.00%"
"19/05/2023","2.710","2.670","2.710","2.670","862.14K","2.26%"
"18/05/2023","2.650","2.900","2.920","2.650","4.37M","-8.62%"
"17/05/2023","2.900","2.930","2.900","2.880","1.68M","-1.02%"
"16/05/2023","2.930","3.000","2.950","2.930","1.27M","-2.33%"
"15/05/2023","3.000","3.000","3.000","3.000","500.82K","0.00%"
"12/05/2023","3.000","2.990","3.000","3.000","747.52K","0.33%"
"11/05/2023","2.990","3.000","2.990","2.990","893.49K","-0.33%"
"10/05/2023","3.000","3.020","3.000","3.000","281.65K","-0.66%"
"09/05/2023","3.020","3.090","3.020","3.000","2.28M","-2.27%"
"08/05/2023","3.090","3.000","3.110","3.000","876.15K","3.00%"
"05/05/2023","3.000","3.000","3.000","2.900","79.81K","0.00%"
"04/05/2023","3.000","2.850","3.000","2.850","844.54K","5.26%"
"03/05/2023","2.850","2.960","2.870","2.850","2.17M","-3.72%"
"02/05/2023","2.960","3.130","2.960","2.960","2.24M","-5.43%"
"28/04/2023","3.130","3.380","3.380","2.810","18.63M","1.62%"
"27/04/2023","3.080","2.800","3.080","3.080","3.67M","10.00%"
"26/04/2023","2.800","2.550","2.800","2.800","1.65M","9.80%"
"25/04/2023","2.550","2.320","2.550","2.460","4.83M","9.91%"
"20/04/2023","2.320","2.270","2.340","2.310","3.07M","2.20%"
"19/04/2023","2.270","2.270","2.330","2.210","138.84K","0.00%"
"18/04/2023","2.270","2.250","2.310","2.260","2.90M","0.89%"
"17/04/2023","2.250","2.200","2.250","2.250","153.51K","2.27%"
"14/04/2023","2.200","2.200","2.270","2.200","168.46K","0.00%"
"13/04/2023","2.200","2.210","2.210","2.200","877.47K","-0.45%"
"12/04/2023","2.210","2.200","2.210","2.210","1.26M","0.45%"
"11/04/2023","2.200","2.200","2.280","2.190","128.54K","0.00%"
"06/04/2023","2.200","2.200","2.270","2.200","473.24K","0.00%"
"05/04/2023","2.200","2.200","2.290","2.210","43.50K","0.00%"
"04/04/2023","2.200","2.200","2.200","2.200","746.10K","0.00%"
"03/04/2023","2.200","2.200","2.200","2.200","448.36K","0.00%"
"31/03/2023","2.200","2.220","2.200","2.200","1.49M","-0.90%"
"30/03/2023","2.220","2.220","2.250","2.170","229.94K","0.00%"
"29/03/2023","2.220","2.220","2.240","2.170","342.22K","0.00%"
"28/03/2023","2.220","2.220","2.250","2.170","28.30K","0.00%"
"27/03/2023","2.220","2.220","2.250","2.170","161.32K","0.00%"
"24/03/2023","2.220","2.200","2.220","2.220","160.75K","0.91%"
"23/03/2023","2.200","2.200","2.260","2.200","256.55K","0.00%"
"22/03/2023","2.200","2.250","2.200","2.200","545.14K","-2.22%"
"21/03/2023","2.250","2.250","2.260","2.200","278.68K","0.00%"
"20/03/2023","2.250","2.250","2.260","2.200","607.66K","0.00%"
"17/03/2023","2.250","2.250","2.250","2.200","19.12K","0.00%"
"16/03/2023","2.250","2.220","2.250","2.250","501.67K","1.35%"
"15/03/2023","2.220","2.240","2.220","2.220","425.69K","-0.89%"
"14/03/2023","2.240","2.200","2.240","2.200","757.20K","1.82%"
"13/03/2023","2.200","2.200","2.320","2.210","484.58K","0.00%"
"10/03/2023","2.200","2.290","2.200","2.200","1.09M","-3.93%"
"09/03/2023","2.290","2.330","2.290","2.220","799.30K","-1.72%"
"08/03/2023","2.330","2.190","2.330","2.220","909.28K","6.39%"
"07/03/2023","2.190","2.340","2.300","2.190","2.36M","-6.41%"
"06/03/2023","2.340","2.340","2.350","2.200","433.32K","0.00%"
"03/03/2023","2.340","2.170","2.340","2.340","845.53K","7.83%"
"02/03/2023","2.170","2.260","2.170","2.170","387.31K","-3.98%"
"01/03/2023","2.260","2.260","2.390","2.260","519.40K","0.00%"
"28/02/2023","2.260","2.250","2.260","2.260","1.18M","0.44%"
"27/02/2023","2.250","2.240","2.250","2.140","2.04M","0.45%"
"24/02/2023","2.240","2.240","2.260","2.150","729.14K","0.00%"
"23/02/2023","2.240","2.120","2.240","2.240","823.25K","5.66%"
"22/02/2023","2.120","2.190","2.120","2.120","283.79K","-3.20%"
"21/02/2023","2.190","2.190","2.210","2.120","111.42K","0.00%"
"20/02/2023","2.190","2.190","2.190","2.190","551.99K","0.00%"
"17/02/2023","2.190","2.190","2.260","2.130","532.86K","0.00%"
"16/02/2023","2.190","2.110","2.190","2.190","616.77K","3.79%"
"15/02/2023","2.110","2.110","2.230","2.140","67.56K","0.00%"
"14/02/2023","2.110","2.120","2.240","2.110","1.37M","-0.47%"
"13/02/2023","2.120","2.120","2.210","2.120","1.58M","0.00%"
"10/02/2023","2.120","2.240","2.280","2.100","4.16M","-5.36%"
"09/02/2023","2.240","2.190","2.240","2.010","7.84M","2.28%"
"08/02/2023","2.190","2.210","2.210","2.190","1.14M","-0.90%"
"07/02/2023","2.210","2.290","2.260","2.210","1.01M","-3.49%"
"06/02/2023","2.290","2.230","2.310","2.260","1.69M","2.69%"
"03/02/2023","2.230","2.120","2.230","2.150","2.36M","5.19%"
"02/02/2023","2.120","2.080","2.120","2.120","418.59K","1.92%"
"01/02/2023","2.080","2.080","2.080","2.080","519.76K","0.00%"
"31/01/2023","2.080","2.180","2.180","2.080","2.59M","-4.59%"
"30/01/2023","2.180","2.100","2.180","2.100","2.75M","-6.44%"
"27/01/2023","2.330","2.330","2.330","2.300","47.73K","0.00%"
"26/01/2023","2.330","2.210","2.330","2.330","556.67K","5.43%"
"25/01/2023","2.210","2.330","2.330","2.210","2.54M","-5.15%"
"24/01/2023","2.330","2.330","2.350","2.250","48.10K","0.00%"
"23/01/2023","2.330","2.330","2.360","2.290","86.18K","0.00%"
"20/01/2023","2.330","2.330","2.360","2.250","148.17K","0.00%"
"19/01/2023","2.330","2.330","2.330","2.330","992.25K","0.00%"
"18/01/2023","2.330","2.330","2.390","2.280","486.07K","0.00%"
"17/01/2023","2.330","2.260","2.330","2.330","940.02K","3.10%"
"16/01/2023","2.260","2.410","2.350","2.260","1.81M","-6.22%"
"13/01/2023","2.410","2.410","2.410","2.320","587.24K","0.00%"
"12/01/2023","2.410","2.330","2.410","2.410","642.79K","3.43%"
"11/01/2023","2.330","2.300","2.330","2.330","429.25K","1.30%"
"10/01/2023","2.300","2.420","2.300","2.300","549.15K","-4.96%"
"09/01/2023","2.420","2.420","2.420","2.300","241.11K","0.00%"
"06/01/2023","2.420","2.430","2.420","2.420","765.48K","-0.41%"
"05/01/2023","2.430","2.210","2.430","2.360","1.08M","9.95%"
"04/01/2023","2.210","2.200","2.210","2.210","335.84K","0.45%"
"03/01/2023","2.200","2.340","2.330","2.200","1.22M","-5.98%"
"30/12/2022","2.340","2.330","2.490","2.340","743.99K","0.43%"
"29/12/2022","2.330","2.310","2.330","2.330","343.61K","0.87%"
"28/12/2022","2.310","2.310","2.400","2.300","236.36K","0.00%"
"23/12/2022","2.310","2.120","2.330","2.250","2.47M","8.96%"
"22/12/2022","2.120","2.120","2.280","2.140","238.10K","0.00%"
"21/12/2022","2.120","2.120","2.320","2.180","235.69K","0.00%"
"20/12/2022","2.120","2.120","2.270","2.160","109.24K","0.00%"
"19/12/2022","2.120","2.120","2.280","2.130","59.83K","0.00%"
"16/12/2022","2.120","2.200","2.120","2.120","301.63K","-3.64%"
"15/12/2022","2.200","2.200","2.290","2.110","212.69K","0.00%"
"14/12/2022","2.200","2.200","2.370","2.110","48.04K","0.00%"
"13/12/2022","2.200","2.200","2.290","2.120","373.77K","0.00%"
"12/12/2022","2.200","2.200","2.390","2.190","299.84K","0.00%"
"09/12/2022","2.200","2.200","2.300","2.190","132.51K","0.00%"
"08/12/2022","2.200","2.420","2.200","2.200","258.62K","-9.09%"
"07/12/2022","2.420","2.280","2.420","2.330","769.76K","6.14%"
"06/12/2022","2.280","2.110","2.280","2.280","636.64K","8.06%"
"05/12/2022","2.110","2.110","2.280","2.110","308.19K","0.00%"
"02/12/2022","2.110","2.100","2.110","2.110","672.36K","0.48%"
"01/12/2022","2.100","2.280","2.140","2.100","775.87K","-7.89%"
"30/11/2022","2.280","2.280","2.280","2.100","244.15K","0.00%"
"29/11/2022","2.280","2.280","2.280","2.280","370.50K","0.00%"
"28/11/2022","2.280","2.280","2.280","2.150","128.92K","0.00%"
"25/11/2022","2.280","2.200","2.280","2.200","397.70K","3.64%"
"24/11/2022","2.200","2.200","2.250","2.100","174.67K","0.00%"
"23/11/2022","2.200","2.200","2.240","2.110","404.66K","0.00%"
"22/11/2022","2.200","2.080","2.200","2.160","713.02K","5.77%"
"21/11/2022","2.080","2.050","2.080","2.080","409.16K","1.46%"
"18/11/2022","2.050","2.000","2.050","2.050","1.02M","2.50%"
"17/11/2022","2.000","2.000","2.130","2.000","45.46K","0.00%"
"16/11/2022","2.000","2.000","2.140","2.000","131.29K","0.00%"
"15/11/2022","2.000","2.000","2.160","1.990","294.02K","0.00%"
"14/11/2022","2.000","2.000","2.000","2.000","243.85K","0.00%"
"11/11/2022","2.000","2.000","2.120","2.000","27.77K","0.00%"
"10/11/2022","2.000","2.000","2.020","2.000","1.93M","0.00%"
"09/11/2022","2.000","2.200","2.040","2.000","853.13K","-9.09%"
"08/11/2022","2.200","2.200","2.200","2.030","328.42K","0.00%"
"07/11/2022","2.200","2.200","2.200","2.020","25.00K","0.00%"
"04/11/2022","2.200","2.200","2.250","2.080","208.77K","0.00%"
"03/11/2022","2.200","2.200","2.260","2.100","153.10K","0.00%"
"02/11/2022","2.200","2.200","2.280","2.130","29.13K","0.00%"
"01/11/2022","2.200","2.130","2.200","2.200","705.19K","3.29%"
"31/10/2022","2.130","2.130","2.340","2.040","245.10K","0.00%"
"28/10/2022","2.130","2.350","2.190","2.130","1.50M","-9.36%"
"27/10/2022","2.350","2.350","2.380","2.300","185.02K","0.00%"
"26/10/2022","2.350","2.320","2.350","2.220","1.31M","1.29%"
"25/10/2022","2.320","2.400","2.370","2.320","1.85M","-3.33%"
"24/10/2022","2.400","2.400","2.490","2.360","52.79K","0.00%"
"21/10/2022","2.400","2.500","2.400","2.400","513.13K","-4.00%"
"20/10/2022","2.500","2.500","2.500","2.360","123.33K","0.00%"
"19/10/2022","2.500","2.500","2.490","2.340","156.41K","0.00%"
"18/10/2022","2.500","2.340","2.500","2.400","1.14M","6.84%"
"17/10/2022","2.340","2.340","2.410","2.340","254.71K","0.00%"
"14/10/2022","2.340","2.130","2.340","2.290","1.25M","9.86%"
"13/10/2022","2.130","1.940","2.130","2.100","1.03M","9.79%"
"12/10/2022","1.940","2.150","2.150","1.940","1.72M","-9.77%"
"11/10/2022","2.150","2.150","2.300","2.160","254.99K","0.00%"
"07/10/2022","2.150","2.110","2.150","2.150","374.34K","1.90%"
"06/10/2022","2.110","2.310","2.110","2.110","388.83K","-8.66%"
"05/10/2022","2.310","2.270","2.310","2.310","1.25M","1.76%"
"04/10/2022","2.270","2.270","2.390","2.270","343.95K","0.00%"
"30/09/2022","2.270","2.270","2.270","2.270","290.34K","0.00%"
"29/09/2022","2.270","2.270","2.300","2.270","283.46K","0.00%"
"28/09/2022","2.270","2.300","2.280","2.270","1.16M","-1.30%"
"27/09/2022","2.300","2.300","2.390","2.290","229.25K","0.00%"
"26/09/2022","2.300","2.350","2.300","2.300","312.58K","-2.13%"
"23/09/2022","2.350","2.350","2.420","2.280","125.53K","0.00%"
"22/09/2022","2.350","2.350","2.380","2.270","203.64K","0.00%"
"21/09/2022","2.350","2.260","2.350","2.350","287.21K","3.98%"
"20/09/2022","2.260","2.460","2.400","2.250","3.19M","-8.13%"
"19/09/2022","2.460","2.380","2.460","2.440","1.09M","3.36%"
"16/09/2022","2.380","2.400","2.400","2.380","4.14M","-0.83%"
"15/09/2022","2.400","2.400","2.410","2.400","811.08K","0.00%"
"14/09/2022","2.400","2.330","2.400","2.370","937.65K","3.00%"
"13/09/2022","2.330","2.270","2.330","2.330","276.67K","2.64%"
"12/09/2022","2.270","2.250","2.270","2.270","564.27K","0.89%"
"09/09/2022","2.250","2.500","2.360","2.250","3.20M","-10.00%"
"08/09/2022","2.500","2.570","2.500","2.500","843.14K","-2.72%"
"07/09/2022","2.570","2.570","2.570","2.500","252.20K","0.00%"
"06/09/2022","2.570","2.570","2.580","2.530","201.25K","0.00%"
"05/09/2022","2.570","2.530","2.570","2.550","520.68K","1.58%"
"02/09/2022","2.530","2.650","2.530","2.530","699.69K","-4.53%"
"01/09/2022","2.650","2.650","2.650","2.650","1.71M","0.00%"
"31/08/2022","2.650","2.700","2.700","2.650","809.01K","-1.85%"
"30/08/2022","2.700","2.750","2.700","2.620","968.86K","-1.82%"
"29/08/2022","2.750","2.720","2.750","2.750","176.37K","1.10%"
"26/08/2022","2.720","2.720","2.800","2.720","61.03K","0.00%"
"25/08/2022","2.720","2.970","2.720","2.720","354.89K","-8.42%"
"24/08/2022","2.970","2.890","3.000","2.890","9.25M","2.77%"
"23/08/2022","2.890","2.630","2.890","2.890","2.39M","9.89%"
"22/08/2022","2.630","2.420","2.630","2.630","513.06K","8.68%"
"19/08/2022","2.420","2.640","2.500","2.420","1.27M","-8.33%"
"18/08/2022","2.640","2.650","2.650","2.640","2.45M","-0.38%"
"17/08/2022","2.650","2.800","2.670","2.650","1.41M","-5.36%"
"16/08/2022","2.800","2.830","2.800","2.800","1.00M","-1.06%"
"15/08/2022","2.830","2.830","2.840","2.650","517.69K","0.00%"
"12/08/2022","2.830","2.670","2.900","2.830","6.63M","5.99%"
"11/08/2022","2.670","2.630","2.670","2.550","822.41K","1.52%"
"10/08/2022","2.630","2.810","2.830","2.630","997.13K","-6.41%"
"09/08/2022","2.810","2.950","3.000","2.810","4.20M","-4.75%"
"08/08/2022","2.950","2.790","3.060","2.950","7.49M","5.73%"
"05/08/2022","2.790","3.000","3.000","2.700","22.02M","2.20%"
"04/08/2022","2.730","2.490","2.730","2.640","3.72M","9.64%"
"03/08/2022","2.490","2.270","2.490","2.460","2.11M","9.69%"
"02/08/2022","2.270","2.070","2.270","2.160","3.23M","9.66%"
"01/08/2022","2.070","2.050","2.250","2.050","3.29M","0.98%"
"29/07/2022","2.050","2.100","2.050","2.050","506.65K","-2.38%"
"28/07/2022","2.100","2.100","2.250","2.000","353.57K","0.00%"
"27/07/2022","2.100","2.150","2.130","2.100","1.06M","-2.33%"
"26/07/2022","2.150","2.350","2.350","2.150","1.14M","-8.51%"
"25/07/2022","2.350","2.350","2.350","2.350","598.18K","0.00%"
"22/07/2022","2.350","2.440","2.350","2.250","946.36K","-3.69%"
"21/07/2022","2.440","2.500","2.440","2.250","2.03M","-2.40%"
"20/07/2022","2.500","2.500","2.490","2.400","496.95K","0.00%"
"19/07/2022","2.500","2.500","2.590","2.350","1.09M","0.00%"
"18/07/2022","2.500","2.750","2.510","2.480","3.42M","-9.09%"
"15/07/2022","2.750","2.970","2.750","2.750","665.09K","-7.41%"
"14/07/2022","2.970","2.970","2.950","2.750","243.40K","0.00%"
"13/07/2022","2.970","2.970","2.970","2.750","74.97K","0.00%"
"08/07/2022","2.970","2.970","2.980","2.790","426.29K","0.00%"
"07/07/2022","2.970","2.740","2.970","2.740","2.11M","8.39%"
"06/07/2022","2.740","2.740","2.900","2.720","165.06K","0.00%"
"05/07/2022","2.740","2.760","2.750","2.700","2.70M","-0.72%"
"04/07/2022","2.760","2.760","2.760","2.760","1.72M","0.00%"
"01/07/2022","2.760","2.760","2.760","2.760","307.63K","0.00%"
"30/06/2022","2.760","2.970","2.760","2.750","966.79K","-7.07%"
"29/06/2022","2.970","2.970","3.000","2.750","459.39K","0.00%"
"28/06/2022","2.970","3.000","2.970","2.950","1.27M","-1.00%"
"27/06/2022","3.000","3.030","3.000","3.000","1.08M","-0.99%"
"24/06/2022","3.030","3.000","3.030","3.030","698.28K","1.00%"
"23/06/2022","3.000","3.190","3.000","3.000","1.05M","-5.96%"
"22/06/2022","3.190","3.190","3.100","3.010","126.64K","0.00%"
"21/06/2022","3.190","3.190","3.190","3.010","123.65K","0.00%"
"20/06/2022","3.190","3.200","3.190","3.000","3.70M","-0.31%"
"17/06/2022","3.200","3.160","3.200","3.200","361.27K","1.27%"
"16/06/2022","3.160","3.130","3.160","3.160","1.13M","0.96%"
"15/06/2022","3.130","3.160","3.130","3.130","652.26K","-0.95%"
"14/06/2022","3.160","3.200","3.300","3.160","2.26M","-1.25%"
"10/06/2022","3.200","3.200","3.200","3.200","663.52K","0.00%"
"09/06/2022","3.200","3.150","3.200","3.200","606.87K","1.59%"
"08/06/2022","3.150","3.150","3.400","3.150","234.49K","0.00%"
"07/06/2022","3.150","3.300","3.350","3.150","1.75M","-4.55%"
"06/06/2022","3.300","3.300","3.340","3.290","1.32M","0.00%"
"03/06/2022","3.300","3.150","3.300","3.250","788.48K","4.76%"
"02/06/2022","3.150","3.150","3.150","3.150","1.33M","0.00%"
"01/06/2022","3.150","3.200","3.250","3.150","1.02M","-1.56%"
"31/05/2022","3.200","3.280","3.200","3.010","3.63M","-2.44%"
"30/05/2022","3.280","3.500","3.400","3.150","5.61M","-6.29%"
"27/05/2022","3.500","3.550","3.500","3.380","1.23M","-1.41%"
"26/05/2022","3.550","3.360","3.590","3.500","1.64M","5.65%"
"25/05/2022","3.360","3.600","3.450","3.360","1.89M","-6.67%"
"24/05/2022","3.600","3.700","3.700","3.600","2.77M","-2.70%"
"23/05/2022","3.700","3.750","3.700","3.650","1.26M","-1.33%"
"20/05/2022","3.750","3.750","3.780","3.620","690.72K","0.00%"
"19/05/2022","3.750","3.750","3.780","3.630","196.74K","0.00%"
"18/05/2022","3.750","3.790","3.820","3.750","1.38M","-1.06%"
"17/05/2022","3.790","3.830","3.790","3.780","1.53M","-1.04%"
"16/05/2022","3.830","3.750","3.830","3.790","1.23M","2.13%"
"13/05/2022","3.750","3.790","3.750","3.700","1.77M","-1.06%"
"12/05/2022","3.790","3.750","3.790","3.700","3.15M","5.28%"
"11/05/2022","3.600","3.680","3.620","3.600","2.32M","-2.17%"
"10/05/2022","3.680","3.680","3.700","3.680","5.44M","0.00%"
"09/05/2022","3.680","3.610","3.680","3.650","1.06M","1.94%"
"06/05/2022","3.610","3.690","3.690","3.610","4.08M","-2.17%"
"05/05/2022","3.690","3.680","3.710","3.510","3.44M","0.27%"
"04/05/2022","3.680","3.700","3.800","3.400","5.04M","-0.54%"
"29/04/2022","3.700","3.700","3.800","3.700","12.18M","0.00%"
"28/04/2022","3.700","3.700","3.720","3.700","25.07M","0.00%"
"27/04/2022","3.700","3.700","3.700","3.700","852.74K","0.00%"
"26/04/2022","3.700","3.890","3.890","3.700","10.97M","-4.88%"
"25/04/2022","3.890","3.900","4.000","3.870","8.36M","-0.26%"
"22/04/2022","3.900","3.850","4.150","3.900","6.92M","1.30%"
"21/04/2022","3.850","3.790","3.850","3.780","2.42M","1.58%"
"20/04/2022","3.790","3.700","3.790","3.750","2.45M","2.43%"
"19/04/2022","3.700","3.650","3.750","3.700","3.02M","1.37%"
"14/04/2022","3.650","3.600","3.650","3.600","2.10M","1.39%"
"13/04/2022","3.600","3.580","3.730","3.540","1.02M","0.56%"
"12/04/2022","3.580","3.440","3.770","3.550","3.26M","4.07%"
"11/04/2022","3.440","3.460","3.500","3.440","1.46M","-0.58%"
"08/04/2022","3.460","3.500","3.460","3.460","332.41K","-1.14%"
"07/04/2022","3.500","3.480","3.500","3.470","2.43M","0.57%"
"06/04/2022","3.480","3.380","3.490","3.480","980.05K","2.96%"
"05/04/2022","3.380","3.550","3.440","3.380","2.07M","-4.79%"
"04/04/2022","3.550","3.500","3.550","3.500","2.02M","1.43%"
"01/04/2022","3.500","3.500","3.600","3.450","647.09K","0.00%"
"31/03/2022","3.500","3.450","3.500","3.460","685.85K","1.45%"
"30/03/2022","3.450","3.440","3.450","3.450","1.24M","0.29%"
"29/03/2022","3.440","3.460","3.460","3.440","529.05K","-0.58%"
"28/03/2022","3.460","3.560","3.510","3.460","3.10M","-2.81%"
"25/03/2022","3.560","3.630","3.900","3.560","9.31M","-1.93%"
"24/03/2022","3.630","3.600","3.690","3.600","1.75M","0.83%"
"23/03/2022","3.600","3.600","3.600","3.600","522.70K","0.00%"
"22/03/2022","3.600","3.660","3.630","3.600","855.77K","-1.64%"
"21/03/2022","3.660","3.730","3.690","3.660","1.88M","-1.88%"
"18/03/2022","3.730","3.730","3.790","3.720","154.06K","0.00%"
"17/03/2022","3.730","3.740","3.730","3.720","1.11M","-0.27%"
"16/03/2022","3.740","3.730","3.800","3.740","1.87M","0.27%"
"15/03/2022","3.730","3.790","3.740","3.730","1.54M","-1.58%"
"14/03/2022","3.790","3.790","3.900","3.740","454.11K","0.00%"
"11/03/2022","3.790","3.690","3.890","3.690","1.90M","2.71%"
"10/03/2022","3.690","3.600","3.690","3.610","701.32K","2.50%"
"09/03/2022","3.600","3.600","3.800","3.610","126.79K","0.00%"
"08/03/2022","3.600","3.890","3.600","3.600","606.08K","-7.46%"
"07/03/2022","3.890","3.700","3.890","3.890","712.58K","5.14%"
"04/03/2022","3.700","3.600","3.700","3.600","701.28K","2.78%"
"03/03/2022","3.600","3.850","3.600","3.600","719.69K","-6.49%"
"02/03/2022","3.850","3.800","3.850","3.800","1.68M","1.32%"
"01/03/2022","3.800","3.930","3.990","3.800","3.31M","-3.31%"